"ISO3","National Unit","Name","Admin Level","Metric","Units","Year","Value"
"GHA","Ghana","Upper West","admin1","Use","in 100 people",2010,18.885792721
"GHA","Ghana","Upper West","admin1","Use","in 100 people",2011,30.1600980314
"GHA","Ghana","Upper West","admin1","Use","in 100 people",2012,51.7195291646
"GHA","Ghana","Upper West","admin1","Use","in 100 people",2013,48.4660600386
"GHA","Ghana","Upper West","admin1","Use","in 100 people",2014,42.6702033658
"GHA","Ghana","Upper West","admin1","Use","in 100 people",2015,49.085892000200005
"GHA","Ghana","Upper West","admin1","Use","in 100 people",2016,53.8821536748
"GHA","Ghana","Upper West","admin1","Use","in 100 people",2017,50.41280072909999
"GHA","Ghana","Upper West","admin1","Use","in 100 people",2018,66.30455415690001
"GHA","Ghana","Upper West","admin1","Use","in 100 people",2019,59.2394139231
"GHA","Ghana","Upper West","admin1","Use","in 100 people",2020,50.12076213660001
"GHA","Ghana","Upper West","admin1","Use","in 100 people",2021,67.4237034832
"GHA","Ghana","Upper West","admin1","Use","in 100 people",2022,68.0078276217
"GHA","Ghana","Upper West","admin1","Use Rate","in 100 people",2010,86.64357806209999
"GHA","Ghana","Upper West","admin1","Use Rate","in 100 people",2011,86.54757622499999
"GHA","Ghana","Upper West","admin1","Use Rate","in 100 people",2012,84.3778966714
"GHA","Ghana","Upper West","admin1","Use Rate","in 100 people",2013,75.1693315142
"GHA","Ghana","Upper West","admin1","Use Rate","in 100 people",2014,67.23134974320001
"GHA","Ghana","Upper West","admin1","Use Rate","in 100 people",2015,65.6729298991
"GHA","Ghana","Upper West","admin1","Use Rate","in 100 people",2016,66.6717873469
"GHA","Ghana","Upper West","admin1","Use Rate","in 100 people",2017,68.06657644159999
"GHA","Ghana","Upper West","admin1","Use Rate","in 100 people",2018,83.42871548190001
"GHA","Ghana","Upper West","admin1","Use Rate","in 100 people",2019,85.94140664
"GHA","Ghana","Upper West","admin1","Use Rate","in 100 people",2020,85.8893570211
"GHA","Ghana","Upper West","admin1","Use Rate","in 100 people",2021,90.41069001819999
"GHA","Ghana","Upper West","admin1","Use Rate","in 100 people",2022,91.28796853229998
"GHA","Ghana","Upper West","admin1","Access","in 100 people",2010,21.6445435197
"GHA","Ghana","Upper West","admin1","Access","in 100 people",2011,34.352432352300006
"GHA","Ghana","Upper West","admin1","Access","in 100 people",2012,60.4024950939
"GHA","Ghana","Upper West","admin1","Access","in 100 people",2013,63.2040460921
"GHA","Ghana","Upper West","admin1","Access","in 100 people",2014,62.094086335
"GHA","Ghana","Upper West","admin1","Access","in 100 people",2015,73.4441791591
"GHA","Ghana","Upper West","admin1","Access","in 100 people",2016,80.20317877869999
"GHA","Ghana","Upper West","admin1","Access","in 100 people",2017,73.7311040524
"GHA","Ghana","Upper West","admin1","Access","in 100 people",2018,78.6599691558
"GHA","Ghana","Upper West","admin1","Access","in 100 people",2019,68.44046356199999
"GHA","Ghana","Upper West","admin1","Access","in 100 people",2020,57.75452878989999
"GHA","Ghana","Upper West","admin1","Access","in 100 people",2021,73.5574547688
"GHA","Ghana","Upper West","admin1","Access","in 100 people",2022,73.88139193350001
"GHA","Ghana","Eastern","admin1","Use","in 100 people",2010,15.929294161
"GHA","Ghana","Eastern","admin1","Use","in 100 people",2011,29.970614665199996
"GHA","Ghana","Eastern","admin1","Use","in 100 people",2012,47.0263362864
"GHA","Ghana","Eastern","admin1","Use","in 100 people",2013,45.2497838313
"GHA","Ghana","Eastern","admin1","Use","in 100 people",2014,41.374097467
"GHA","Ghana","Eastern","admin1","Use","in 100 people",2015,44.8847246212
"GHA","Ghana","Eastern","admin1","Use","in 100 people",2016,44.4408538601
"GHA","Ghana","Eastern","admin1","Use","in 100 people",2017,36.2756543833
"GHA","Ghana","Eastern","admin1","Use","in 100 people",2018,51.0382334214
"GHA","Ghana","Eastern","admin1","Use","in 100 people",2019,44.2616334275
"GHA","Ghana","Eastern","admin1","Use","in 100 people",2020,33.7506546686
"GHA","Ghana","Eastern","admin1","Use","in 100 people",2021,49.313679402700004
"GHA","Ghana","Eastern","admin1","Use","in 100 people",2022,48.6698208768
"GHA","Ghana","Eastern","admin1","Use Rate","in 100 people",2010,73.2029465189
"GHA","Ghana","Eastern","admin1","Use Rate","in 100 people",2011,79.7940773567
"GHA","Ghana","Eastern","admin1","Use Rate","in 100 people",2012,85.1930465509
"GHA","Ghana","Eastern","admin1","Use Rate","in 100 people",2013,79.9376073765
"GHA","Ghana","Eastern","admin1","Use Rate","in 100 people",2014,68.26438662160001
"GHA","Ghana","Eastern","admin1","Use Rate","in 100 people",2015,64.9001276369
"GHA","Ghana","Eastern","admin1","Use Rate","in 100 people",2016,67.44402872159999
"GHA","Ghana","Eastern","admin1","Use Rate","in 100 people",2017,62.666222207400004
"GHA","Ghana","Eastern","admin1","Use Rate","in 100 people",2018,66.9139187605
"GHA","Ghana","Eastern","admin1","Use Rate","in 100 people",2019,60.834499866899996
"GHA","Ghana","Eastern","admin1","Use Rate","in 100 people",2020,53.4244936401
"GHA","Ghana","Eastern","admin1","Use Rate","in 100 people",2021,63.51193979450001
"GHA","Ghana","Eastern","admin1","Use Rate","in 100 people",2022,62.92054284049999
"GHA","Ghana","Eastern","admin1","Access","in 100 people",2010,21.283493258000004
"GHA","Ghana","Eastern","admin1","Access","in 100 people",2011,36.447615839
"GHA","Ghana","Eastern","admin1","Access","in 100 people",2012,54.1425585696
"GHA","Ghana","Eastern","admin1","Access","in 100 people",2013,55.645558510399994
"GHA","Ghana","Eastern","admin1","Access","in 100 people",2014,60.0169453905
"GHA","Ghana","Eastern","admin1","Access","in 100 people",2015,68.56231601710002
"GHA","Ghana","Eastern","admin1","Access","in 100 people",2016,65.34781435469999
"GHA","Ghana","Eastern","admin1","Access","in 100 people",2017,56.8388169883
"GHA","Ghana","Eastern","admin1","Access","in 100 people",2018,74.2322683038
"GHA","Ghana","Eastern","admin1","Access","in 100 people",2019,71.172977703
"GHA","Ghana","Eastern","admin1","Access","in 100 people",2020,61.029486045000006
"GHA","Ghana","Eastern","admin1","Access","in 100 people",2021,74.265604302
"GHA","Ghana","Eastern","admin1","Access","in 100 people",2022,74.1867325811
"GHA","Ghana","Northern","admin1","Use","in 100 people",2010,15.425461899499998
"GHA","Ghana","Northern","admin1","Use","in 100 people",2011,33.4755902138
"GHA","Ghana","Northern","admin1","Use","in 100 people",2012,59.9546508456
"GHA","Ghana","Northern","admin1","Use","in 100 people",2013,53.95059180439999
"GHA","Ghana","Northern","admin1","Use","in 100 people",2014,37.21337637879999
"GHA","Ghana","Northern","admin1","Use","in 100 people",2015,39.2500634434
"GHA","Ghana","Northern","admin1","Use","in 100 people",2016,49.0632432825
"GHA","Ghana","Northern","admin1","Use","in 100 people",2017,48.3078766676
"GHA","Ghana","Northern","admin1","Use","in 100 people",2018,63.7999227537
"GHA","Ghana","Northern","admin1","Use","in 100 people",2019,55.854760298
"GHA","Ghana","Northern","admin1","Use","in 100 people",2020,42.1615514497
"GHA","Ghana","Northern","admin1","Use","in 100 people",2021,54.4412726325
"GHA","Ghana","Northern","admin1","Use","in 100 people",2022,54.0440783645
"GHA","Ghana","Northern","admin1","Use Rate","in 100 people",2010,71.9295593467
"GHA","Ghana","Northern","admin1","Use Rate","in 100 people",2011,77.52702410719999
"GHA","Ghana","Northern","admin1","Use Rate","in 100 people",2012,84.6601163178
"GHA","Ghana","Northern","admin1","Use Rate","in 100 people",2013,78.2356221903
"GHA","Ghana","Northern","admin1","Use Rate","in 100 people",2014,65.41832886670001
"GHA","Ghana","Northern","admin1","Use Rate","in 100 people",2015,61.2617999623
"GHA","Ghana","Northern","admin1","Use Rate","in 100 people",2016,66.6696654801
"GHA","Ghana","Northern","admin1","Use Rate","in 100 people",2017,66.400763016
"GHA","Ghana","Northern","admin1","Use Rate","in 100 people",2018,75.407841741
"GHA","Ghana","Northern","admin1","Use Rate","in 100 people",2019,72.16166429690001
"GHA","Ghana","Northern","admin1","Use Rate","in 100 people",2020,66.91416555320001
"GHA","Ghana","Northern","admin1","Use Rate","in 100 people",2021,72.2821675341
"GHA","Ghana","Northern","admin1","Use Rate","in 100 people",2022,72.99731890780001
"GHA","Ghana","Northern","admin1","Access","in 100 people",2010,20.8672005154
"GHA","Ghana","Northern","admin1","Access","in 100 people",2011,41.4907227487
"GHA","Ghana","Northern","admin1","Access","in 100 people",2012,69.4778212715
"GHA","Ghana","Northern","admin1","Access","in 100 people",2013,67.55092157119999
"GHA","Ghana","Northern","admin1","Access","in 100 people",2014,55.5845059319
"GHA","Ghana","Northern","admin1","Access","in 100 people",2015,62.451403538099996
"GHA","Ghana","Northern","admin1","Access","in 100 people",2016,72.53064444290001
"GHA","Ghana","Northern","admin1","Access","in 100 people",2017,71.8784210983
"GHA","Ghana","Northern","admin1","Access","in 100 people",2018,83.3841277882
"GHA","Ghana","Northern","admin1","Access","in 100 people",2019,76.7791805517
"GHA","Ghana","Northern","admin1","Access","in 100 people",2020,62.117657241
"GHA","Ghana","Northern","admin1","Access","in 100 people",2021,72.94403867209999
"GHA","Ghana","Northern","admin1","Access","in 100 people",2022,72.363020092
"GHA","Ghana","Volta","admin1","Use","in 100 people",2010,15.929413391899999
"GHA","Ghana","Volta","admin1","Use","in 100 people",2011,28.062792397000003
"GHA","Ghana","Volta","admin1","Use","in 100 people",2012,46.6388735945
"GHA","Ghana","Volta","admin1","Use","in 100 people",2013,48.642755819899996
"GHA","Ghana","Volta","admin1","Use","in 100 people",2014,48.4413638665
"GHA","Ghana","Volta","admin1","Use","in 100 people",2015,48.8653818133
"GHA","Ghana","Volta","admin1","Use","in 100 people",2016,41.439197101
"GHA","Ghana","Volta","admin1","Use","in 100 people",2017,35.111833071099994
"GHA","Ghana","Volta","admin1","Use","in 100 people",2018,57.35619150729999
"GHA","Ghana","Volta","admin1","Use","in 100 people",2019,55.7210227406
"GHA","Ghana","Volta","admin1","Use","in 100 people",2020,44.365117686000005
"GHA","Ghana","Volta","admin1","Use","in 100 people",2021,58.081855520699996
"GHA","Ghana","Volta","admin1","Use","in 100 people",2022,57.434158691899995
"GHA","Ghana","Volta","admin1","Use Rate","in 100 people",2010,79.16732572560001
"GHA","Ghana","Volta","admin1","Use Rate","in 100 people",2011,86.94636989620001
"GHA","Ghana","Volta","admin1","Use Rate","in 100 people",2012,91.8603113954
"GHA","Ghana","Volta","admin1","Use Rate","in 100 people",2013,87.26519252279999
"GHA","Ghana","Volta","admin1","Use Rate","in 100 people",2014,75.4684949636
"GHA","Ghana","Volta","admin1","Use Rate","in 100 people",2015,65.8835045652
"GHA","Ghana","Volta","admin1","Use Rate","in 100 people",2016,58.753065584
"GHA","Ghana","Volta","admin1","Use Rate","in 100 people",2017,57.8042400298
"GHA","Ghana","Volta","admin1","Use Rate","in 100 people",2018,75.4706220194
"GHA","Ghana","Volta","admin1","Use Rate","in 100 people",2019,74.5686664556
"GHA","Ghana","Volta","admin1","Use Rate","in 100 people",2020,62.79311597689999
"GHA","Ghana","Volta","admin1","Use Rate","in 100 people",2021,68.89748697499999
"GHA","Ghana","Volta","admin1","Use Rate","in 100 people",2022,68.0839645222
"GHA","Ghana","Volta","admin1","Access","in 100 people",2010,19.7234784071
"GHA","Ghana","Volta","admin1","Access","in 100 people",2011,31.196538475399997
"GHA","Ghana","Volta","admin1","Access","in 100 people",2012,49.7300282451
"GHA","Ghana","Volta","admin1","Access","in 100 people",2013,55.05546708720001
"GHA","Ghana","Volta","admin1","Access","in 100 people",2014,63.7573440442
"GHA","Ghana","Volta","admin1","Access","in 100 people",2015,73.3682257262
"GHA","Ghana","Volta","admin1","Access","in 100 people",2016,69.1995044534
"GHA","Ghana","Volta","admin1","Access","in 100 people",2017,60.056802141800006
"GHA","Ghana","Volta","admin1","Access","in 100 people",2018,75.0982182389
"GHA","Ghana","Volta","admin1","Access","in 100 people",2019,74.5676261358
"GHA","Ghana","Volta","admin1","Access","in 100 people",2020,69.2745010212
"GHA","Ghana","Volta","admin1","Access","in 100 people",2021,81.74860882610001
"GHA","Ghana","Volta","admin1","Access","in 100 people",2022,81.89964172319999
"GHA","Ghana","Greater Accra","admin1","Use","in 100 people",2010,10.701217709
"GHA","Ghana","Greater Accra","admin1","Use","in 100 people",2011,21.090213337900003
"GHA","Ghana","Greater Accra","admin1","Use","in 100 people",2012,32.2379433845
"GHA","Ghana","Greater Accra","admin1","Use","in 100 people",2013,25.9767149068
"GHA","Ghana","Greater Accra","admin1","Use","in 100 people",2014,18.1707164532
"GHA","Ghana","Greater Accra","admin1","Use","in 100 people",2015,18.743238267000002
"GHA","Ghana","Greater Accra","admin1","Use","in 100 people",2016,20.568234958799998
"GHA","Ghana","Greater Accra","admin1","Use","in 100 people",2017,15.844486001
"GHA","Ghana","Greater Accra","admin1","Use","in 100 people",2018,24.0685799873
"GHA","Ghana","Greater Accra","admin1","Use","in 100 people",2019,20.0415395068
"GHA","Ghana","Greater Accra","admin1","Use","in 100 people",2020,18.507050196999998
"GHA","Ghana","Greater Accra","admin1","Use","in 100 people",2021,35.132865166900004
"GHA","Ghana","Greater Accra","admin1","Use","in 100 people",2022,35.7987913876
"GHA","Ghana","Greater Accra","admin1","Use Rate","in 100 people",2010,51.743190880300006
"GHA","Ghana","Greater Accra","admin1","Use Rate","in 100 people",2011,61.302018397000005
"GHA","Ghana","Greater Accra","admin1","Use Rate","in 100 people",2012,67.5788232239
"GHA","Ghana","Greater Accra","admin1","Use Rate","in 100 people",2013,56.2753020711
"GHA","Ghana","Greater Accra","admin1","Use Rate","in 100 people",2014,37.062102884999995
"GHA","Ghana","Greater Accra","admin1","Use Rate","in 100 people",2015,30.9997122613
"GHA","Ghana","Greater Accra","admin1","Use Rate","in 100 people",2016,34.7139040716
"GHA","Ghana","Greater Accra","admin1","Use Rate","in 100 people",2017,32.998533667000004
"GHA","Ghana","Greater Accra","admin1","Use Rate","in 100 people",2018,38.0047491186
"GHA","Ghana","Greater Accra","admin1","Use Rate","in 100 people",2019,34.9671414185
"GHA","Ghana","Greater Accra","admin1","Use Rate","in 100 people",2020,34.7565892193
"GHA","Ghana","Greater Accra","admin1","Use Rate","in 100 people",2021,47.5677865482
"GHA","Ghana","Greater Accra","admin1","Use Rate","in 100 people",2022,48.5205039824
"GHA","Ghana","Greater Accra","admin1","Access","in 100 people",2010,19.8057007251
"GHA","Ghana","Greater Accra","admin1","Access","in 100 people",2011,33.0676056306
"GHA","Ghana","Greater Accra","admin1","Access","in 100 people",2012,46.4089360466
"GHA","Ghana","Greater Accra","admin1","Access","in 100 people",2013,44.5703159105
"GHA","Ghana","Greater Accra","admin1","Access","in 100 people",2014,48.1373496853
"GHA","Ghana","Greater Accra","admin1","Access","in 100 people",2015,59.113025702200005
"GHA","Ghana","Greater Accra","admin1","Access","in 100 people",2016,58.3921112729
"GHA","Ghana","Greater Accra","admin1","Access","in 100 people",2017,47.1029285234
"GHA","Ghana","Greater Accra","admin1","Access","in 100 people",2018,60.5042285065
"GHA","Ghana","Greater Accra","admin1","Access","in 100 people",2019,55.7334611596
"GHA","Ghana","Greater Accra","admin1","Access","in 100 people",2020,50.43138885580001
"GHA","Ghana","Greater Accra","admin1","Access","in 100 people",2021,69.0120427465
"GHA","Ghana","Greater Accra","admin1","Access","in 100 people",2022,69.4431795934
"GHA","Ghana","Ashanti","admin1","Use","in 100 people",2010,16.4531327505
"GHA","Ghana","Ashanti","admin1","Use","in 100 people",2011,29.908362341899995
"GHA","Ghana","Ashanti","admin1","Use","in 100 people",2012,46.598008524200004
"GHA","Ghana","Ashanti","admin1","Use","in 100 people",2013,42.846620165299996
"GHA","Ghana","Ashanti","admin1","Use","in 100 people",2014,36.829255163
"GHA","Ghana","Ashanti","admin1","Use","in 100 people",2015,40.3069408351
"GHA","Ghana","Ashanti","admin1","Use","in 100 people",2016,39.9303682942
"GHA","Ghana","Ashanti","admin1","Use","in 100 people",2017,33.779351298799995
"GHA","Ghana","Ashanti","admin1","Use","in 100 people",2018,50.980792435199994
"GHA","Ghana","Ashanti","admin1","Use","in 100 people",2019,43.715959382899996
"GHA","Ghana","Ashanti","admin1","Use","in 100 people",2020,31.3599414211
"GHA","Ghana","Ashanti","admin1","Use","in 100 people",2021,46.039237047700006
"GHA","Ghana","Ashanti","admin1","Use","in 100 people",2022,45.23663888870001
"GHA","Ghana","Ashanti","admin1","Use Rate","in 100 people",2010,67.7355504909
"GHA","Ghana","Ashanti","admin1","Use Rate","in 100 people",2011,72.3250395715
"GHA","Ghana","Ashanti","admin1","Use Rate","in 100 people",2012,77.66203173839999
"GHA","Ghana","Ashanti","admin1","Use Rate","in 100 people",2013,72.4990877006
"GHA","Ghana","Ashanti","admin1","Use Rate","in 100 people",2014,63.068338703500004
"GHA","Ghana","Ashanti","admin1","Use Rate","in 100 people",2015,61.993303642
"GHA","Ghana","Ashanti","admin1","Use Rate","in 100 people",2016,64.1744981033
"GHA","Ghana","Ashanti","admin1","Use Rate","in 100 people",2017,60.1491961026
"GHA","Ghana","Ashanti","admin1","Use Rate","in 100 people",2018,66.44320901500001
"GHA","Ghana","Ashanti","admin1","Use Rate","in 100 people",2019,61.023390793599994
"GHA","Ghana","Ashanti","admin1","Use Rate","in 100 people",2020,56.07849535580001
"GHA","Ghana","Ashanti","admin1","Use Rate","in 100 people",2021,66.6472931894
"GHA","Ghana","Ashanti","admin1","Use Rate","in 100 people",2022,66.5208227306
"GHA","Ghana","Ashanti","admin1","Access","in 100 people",2010,23.9318956235
"GHA","Ghana","Ashanti","admin1","Access","in 100 people",2011,40.4977372114
"GHA","Ghana","Ashanti","admin1","Access","in 100 people",2012,59.0000331628
"GHA","Ghana","Ashanti","admin1","Access","in 100 people",2013,58.1559557501
"GHA","Ghana","Ashanti","admin1","Access","in 100 people",2014,57.633950348099994
"GHA","Ghana","Ashanti","admin1","Access","in 100 people",2015,64.1111039983
"GHA","Ghana","Ashanti","admin1","Access","in 100 people",2016,61.394104698499994
"GHA","Ghana","Ashanti","admin1","Access","in 100 people",2017,55.09264924639999
"GHA","Ghana","Ashanti","admin1","Access","in 100 people",2018,75.2057946541
"GHA","Ghana","Ashanti","admin1","Access","in 100 people",2019,70.6568967785
"GHA","Ghana","Ashanti","admin1","Access","in 100 people",2020,54.659492356600005
"GHA","Ghana","Ashanti","admin1","Access","in 100 people",2021,66.5306596558
"GHA","Ghana","Ashanti","admin1","Access","in 100 people",2022,65.849193861
"GHA","Ghana","Central","admin1","Use","in 100 people",2010,14.2325110246
"GHA","Ghana","Central","admin1","Use","in 100 people",2011,27.981395281300003
"GHA","Ghana","Central","admin1","Use","in 100 people",2012,45.586629045100004
"GHA","Ghana","Central","admin1","Use","in 100 people",2013,43.7835538867
"GHA","Ghana","Central","admin1","Use","in 100 people",2014,41.1061634929
"GHA","Ghana","Central","admin1","Use","in 100 people",2015,46.1916992579
"GHA","Ghana","Central","admin1","Use","in 100 people",2016,44.918089101
"GHA","Ghana","Central","admin1","Use","in 100 people",2017,35.806932720599995
"GHA","Ghana","Central","admin1","Use","in 100 people",2018,50.1904142999
"GHA","Ghana","Central","admin1","Use","in 100 people",2019,46.0419020547
"GHA","Ghana","Central","admin1","Use","in 100 people",2020,37.6626620797
"GHA","Ghana","Central","admin1","Use","in 100 people",2021,54.5571315521
"GHA","Ghana","Central","admin1","Use","in 100 people",2022,54.5090696986
"GHA","Ghana","Central","admin1","Use Rate","in 100 people",2010,61.8716713121
"GHA","Ghana","Central","admin1","Use Rate","in 100 people",2011,72.4673986645
"GHA","Ghana","Central","admin1","Use Rate","in 100 people",2012,81.8107974638
"GHA","Ghana","Central","admin1","Use Rate","in 100 people",2013,79.09779442
"GHA","Ghana","Central","admin1","Use Rate","in 100 people",2014,71.5912588653
"GHA","Ghana","Central","admin1","Use Rate","in 100 people",2015,67.0235584773
"GHA","Ghana","Central","admin1","Use Rate","in 100 people",2016,62.4955296782
"GHA","Ghana","Central","admin1","Use Rate","in 100 people",2017,53.7688571558
"GHA","Ghana","Central","admin1","Use Rate","in 100 people",2018,62.3432726812
"GHA","Ghana","Central","admin1","Use Rate","in 100 people",2019,61.9348593152
"GHA","Ghana","Central","admin1","Use Rate","in 100 people",2020,60.0823349307
"GHA","Ghana","Central","admin1","Use Rate","in 100 people",2021,71.3637376561
"GHA","Ghana","Central","admin1","Use Rate","in 100 people",2022,71.86876959029999
"GHA","Ghana","Central","admin1","Access","in 100 people",2010,22.1134331732
"GHA","Ghana","Central","admin1","Access","in 100 people",2011,37.1241867786
"GHA","Ghana","Central","admin1","Access","in 100 people",2012,54.3980468685
"GHA","Ghana","Central","admin1","Access","in 100 people",2013,54.201913006000005
"GHA","Ghana","Central","admin1","Access","in 100 people",2014,56.5346766474
"GHA","Ghana","Central","admin1","Access","in 100 people",2015,67.80811436130001
"GHA","Ghana","Central","admin1","Access","in 100 people",2016,70.65413517030001
"GHA","Ghana","Central","admin1","Access","in 100 people",2017,65.2124062254
"GHA","Ghana","Central","admin1","Access","in 100 people",2018,78.61541685179999
"GHA","Ghana","Central","admin1","Access","in 100 people",2019,73.3925929841
"GHA","Ghana","Central","admin1","Access","in 100 people",2020,61.4846265217
"GHA","Ghana","Central","admin1","Access","in 100 people",2021,74.1344788935
"GHA","Ghana","Central","admin1","Access","in 100 people",2022,73.9281713426
"GHA","Ghana","Western","admin1","Use","in 100 people",2010,12.885449397600002
"GHA","Ghana","Western","admin1","Use","in 100 people",2011,23.815379098
"GHA","Ghana","Western","admin1","Use","in 100 people",2012,40.8224123874
"GHA","Ghana","Western","admin1","Use","in 100 people",2013,38.1767056936
"GHA","Ghana","Western","admin1","Use","in 100 people",2014,32.169719912400005
"GHA","Ghana","Western","admin1","Use","in 100 people",2015,33.3006829577
"GHA","Ghana","Western","admin1","Use","in 100 people",2016,29.1449758153
"GHA","Ghana","Western","admin1","Use","in 100 people",2017,24.0790167354
"GHA","Ghana","Western","admin1","Use","in 100 people",2018,43.8405152486
"GHA","Ghana","Western","admin1","Use","in 100 people",2019,43.359063438199996
"GHA","Ghana","Western","admin1","Use","in 100 people",2020,35.429943037
"GHA","Ghana","Western","admin1","Use","in 100 people",2021,52.0853734655
"GHA","Ghana","Western","admin1","Use","in 100 people",2022,51.71769298619999
"GHA","Ghana","Western","admin1","Use Rate","in 100 people",2010,54.1748695555
"GHA","Ghana","Western","admin1","Use Rate","in 100 people",2011,60.754288061000004
"GHA","Ghana","Western","admin1","Use Rate","in 100 people",2012,69.8931938364
"GHA","Ghana","Western","admin1","Use Rate","in 100 people",2013,66.82815764349999
"GHA","Ghana","Western","admin1","Use Rate","in 100 people",2014,58.8555800096
"GHA","Ghana","Western","admin1","Use Rate","in 100 people",2015,53.900311156
"GHA","Ghana","Western","admin1","Use Rate","in 100 people",2016,47.507760705799996
"GHA","Ghana","Western","admin1","Use Rate","in 100 people",2017,41.6533845361
"GHA","Ghana","Western","admin1","Use Rate","in 100 people",2018,55.1402632707
"GHA","Ghana","Western","admin1","Use Rate","in 100 people",2019,58.260228299299996
"GHA","Ghana","Western","admin1","Use Rate","in 100 people",2020,59.8062811
"GHA","Ghana","Western","admin1","Use Rate","in 100 people",2021,72.38324674879999
"GHA","Ghana","Western","admin1","Use Rate","in 100 people",2022,72.8827210345
"GHA","Ghana","Western","admin1","Access","in 100 people",2010,22.514407082800002
"GHA","Ghana","Western","admin1","Access","in 100 people",2011,37.0833974436
"GHA","Ghana","Western","admin1","Access","in 100 people",2012,56.287169514
"GHA","Ghana","Western","admin1","Access","in 100 people",2013,55.4788864168
"GHA","Ghana","Western","admin1","Access","in 100 people",2014,53.6094559454
"GHA","Ghana","Western","admin1","Access","in 100 people",2015,60.3761027381
"GHA","Ghana","Western","admin1","Access","in 100 people",2016,59.7218146859
"GHA","Ghana","Western","admin1","Access","in 100 people",2017,56.144873483699996
"GHA","Ghana","Western","admin1","Access","in 100 people",2018,77.01753442229999
"GHA","Ghana","Western","admin1","Access","in 100 people",2019,73.14630935359999
"GHA","Ghana","Western","admin1","Access","in 100 people",2020,57.82170803299999
"GHA","Ghana","Western","admin1","Access","in 100 people",2021,69.375989671
"GHA","Ghana","Western","admin1","Access","in 100 people",2022,68.64955191940001
"GHA","Ghana","Upper East","admin1","Use","in 100 people",2010,13.179005866099999
"GHA","Ghana","Upper East","admin1","Use","in 100 people",2011,27.2956020957
"GHA","Ghana","Upper East","admin1","Use","in 100 people",2012,53.255548348699996
"GHA","Ghana","Upper East","admin1","Use","in 100 people",2013,48.955309081299994
"GHA","Ghana","Upper East","admin1","Use","in 100 people",2014,38.3758259419
"GHA","Ghana","Upper East","admin1","Use","in 100 people",2015,46.9281823279
"GHA","Ghana","Upper East","admin1","Use","in 100 people",2016,61.63157367000001
"GHA","Ghana","Upper East","admin1","Use","in 100 people",2017,64.0113190676
"GHA","Ghana","Upper East","admin1","Use","in 100 people",2018,75.3950614947
"GHA","Ghana","Upper East","admin1","Use","in 100 people",2019,68.1436173003
"GHA","Ghana","Upper East","admin1","Use","in 100 people",2020,56.3186272176
"GHA","Ghana","Upper East","admin1","Use","in 100 people",2021,71.2913750926
"GHA","Ghana","Upper East","admin1","Use","in 100 people",2022,71.51956738150001
"GHA","Ghana","Upper East","admin1","Use Rate","in 100 people",2010,77.56513862659999
"GHA","Ghana","Upper East","admin1","Use Rate","in 100 people",2011,80.74911660389999
"GHA","Ghana","Upper East","admin1","Use Rate","in 100 people",2012,84.2269972004
"GHA","Ghana","Upper East","admin1","Use Rate","in 100 people",2013,75.9119426458
"GHA","Ghana","Upper East","admin1","Use Rate","in 100 people",2014,65.7010076167
"GHA","Ghana","Upper East","admin1","Use Rate","in 100 people",2015,64.7549534292
"GHA","Ghana","Upper East","admin1","Use Rate","in 100 people",2016,72.65970328479999
"GHA","Ghana","Upper East","admin1","Use Rate","in 100 people",2017,77.3587126648
"GHA","Ghana","Upper East","admin1","Use Rate","in 100 people",2018,87.6896613933
"GHA","Ghana","Upper East","admin1","Use Rate","in 100 people",2019,88.7532867673
"GHA","Ghana","Upper East","admin1","Use Rate","in 100 people",2020,84.68352018619998
"GHA","Ghana","Upper East","admin1","Use Rate","in 100 people",2021,88.70372604410001
"GHA","Ghana","Upper East","admin1","Use Rate","in 100 people",2022,89.2986704195
"GHA","Ghana","Upper East","admin1","Access","in 100 people",2010,16.778638415499998
"GHA","Ghana","Upper East","admin1","Access","in 100 people",2011,32.8218422543
"GHA","Ghana","Upper East","admin1","Access","in 100 people",2012,62.26155019749999
"GHA","Ghana","Upper East","admin1","Access","in 100 people",2013,63.669332274800006
"GHA","Ghana","Upper East","admin1","Access","in 100 people",2014,57.8246761018
"GHA","Ghana","Upper East","admin1","Access","in 100 people",2015,71.32784844359999
"GHA","Ghana","Upper East","admin1","Access","in 100 people",2016,84.3345058379
"GHA","Ghana","Upper East","admin1","Access","in 100 people",2017,82.628379214
"GHA","Ghana","Upper East","admin1","Access","in 100 people",2018,85.64508059199999
"GHA","Ghana","Upper East","admin1","Access","in 100 people",2019,76.74286556890002
"GHA","Ghana","Upper East","admin1","Access","in 100 people",2020,66.36592270620001
"GHA","Ghana","Upper East","admin1","Access","in 100 people",2021,79.7487896243
"GHA","Ghana","Upper East","admin1","Access","in 100 people",2022,79.8880639445
"GHA","Ghana","Ahafo","admin1","Use","in 100 people",2010,18.08750199
"GHA","Ghana","Ahafo","admin1","Use","in 100 people",2011,30.7551981879
"GHA","Ghana","Ahafo","admin1","Use","in 100 people",2012,51.041097077699995
"GHA","Ghana","Ahafo","admin1","Use","in 100 people",2013,53.3385190716
"GHA","Ghana","Ahafo","admin1","Use","in 100 people",2014,55.4175820898
"GHA","Ghana","Ahafo","admin1","Use","in 100 people",2015,62.73579737389999
"GHA","Ghana","Ahafo","admin1","Use","in 100 people",2016,60.599272090899994
"GHA","Ghana","Ahafo","admin1","Use","in 100 people",2017,53.9134001495
"GHA","Ghana","Ahafo","admin1","Use","in 100 people",2018,72.65112555159999
"GHA","Ghana","Ahafo","admin1","Use","in 100 people",2019,65.5654301523
"GHA","Ghana","Ahafo","admin1","Use","in 100 people",2020,46.4279628245
"GHA","Ghana","Ahafo","admin1","Use","in 100 people",2021,58.49166252100001
"GHA","Ghana","Ahafo","admin1","Use","in 100 people",2022,57.11133389649999
"GHA","Ghana","Ahafo","admin1","Use Rate","in 100 people",2010,75.48193872319999
"GHA","Ghana","Ahafo","admin1","Use Rate","in 100 people",2011,76.19388772399999
"GHA","Ghana","Ahafo","admin1","Use Rate","in 100 people",2012,81.6129978303
"GHA","Ghana","Ahafo","admin1","Use Rate","in 100 people",2013,81.3267708139
"GHA","Ghana","Ahafo","admin1","Use Rate","in 100 people",2014,80.7807233683
"GHA","Ghana","Ahafo","admin1","Use Rate","in 100 people",2015,83.20723143699999
"GHA","Ghana","Ahafo","admin1","Use Rate","in 100 people",2016,83.6955528955
"GHA","Ghana","Ahafo","admin1","Use Rate","in 100 people",2017,81.236571127
"GHA","Ghana","Ahafo","admin1","Use Rate","in 100 people",2018,87.3925437022
"GHA","Ghana","Ahafo","admin1","Use Rate","in 100 people",2019,84.19640543179999
"GHA","Ghana","Ahafo","admin1","Use Rate","in 100 people",2020,76.4111106295
"GHA","Ghana","Ahafo","admin1","Use Rate","in 100 people",2021,81.82637981190001
"GHA","Ghana","Ahafo","admin1","Use Rate","in 100 people",2022,81.252516106
"GHA","Ghana","Ahafo","admin1","Access","in 100 people",2010,23.6942222751
"GHA","Ghana","Ahafo","admin1","Access","in 100 people",2011,39.510202511500005
"GHA","Ghana","Ahafo","admin1","Access","in 100 people",2012,61.675205117599994
"GHA","Ghana","Ahafo","admin1","Access","in 100 people",2013,65.0945171369
"GHA","Ghana","Ahafo","admin1","Access","in 100 people",2014,68.2215034916
"GHA","Ghana","Ahafo","admin1","Access","in 100 people",2015,75.0174139727
"GHA","Ghana","Ahafo","admin1","Access","in 100 people",2016,72.07173142129999
"GHA","Ghana","Ahafo","admin1","Access","in 100 people",2017,65.93302198399999
"GHA","Ghana","Ahafo","admin1","Access","in 100 people",2018,82.61290204330001
"GHA","Ghana","Ahafo","admin1","Access","in 100 people",2019,77.583784846
"GHA","Ghana","Ahafo","admin1","Access","in 100 people",2020,60.16075677679999
"GHA","Ghana","Ahafo","admin1","Access","in 100 people",2021,70.0021979967
"GHA","Ghana","Ahafo","admin1","Access","in 100 people",2022,68.9923043144
"GHA","Ghana","Bono","admin1","Use","in 100 people",2010,18.4338051098
"GHA","Ghana","Bono","admin1","Use","in 100 people",2011,32.3542077175
"GHA","Ghana","Bono","admin1","Use","in 100 people",2012,52.6187199
"GHA","Ghana","Bono","admin1","Use","in 100 people",2013,51.771605841799996
"GHA","Ghana","Bono","admin1","Use","in 100 people",2014,48.8197885869
"GHA","Ghana","Bono","admin1","Use","in 100 people",2015,54.5664104057
"GHA","Ghana","Bono","admin1","Use","in 100 people",2016,54.326680537399994
"GHA","Ghana","Bono","admin1","Use","in 100 people",2017,48.363314592600005
"GHA","Ghana","Bono","admin1","Use","in 100 people",2018,67.6791883901
"GHA","Ghana","Bono","admin1","Use","in 100 people",2019,60.6767006792
"GHA","Ghana","Bono","admin1","Use","in 100 people",2020,43.711366264
"GHA","Ghana","Bono","admin1","Use","in 100 people",2021,57.81563720449999
"GHA","Ghana","Bono","admin1","Use","in 100 people",2022,56.8101990429
"GHA","Ghana","Bono","admin1","Use Rate","in 100 people",2010,73.3309380432
"GHA","Ghana","Bono","admin1","Use Rate","in 100 people",2011,74.5641040201
"GHA","Ghana","Bono","admin1","Use Rate","in 100 people",2012,79.4326498029
"GHA","Ghana","Bono","admin1","Use Rate","in 100 people",2013,76.175890823
"GHA","Ghana","Bono","admin1","Use Rate","in 100 people",2014,71.4100969281
"GHA","Ghana","Bono","admin1","Use Rate","in 100 people",2015,72.3975037842
"GHA","Ghana","Bono","admin1","Use Rate","in 100 people",2016,72.78133590629999
"GHA","Ghana","Bono","admin1","Use Rate","in 100 people",2017,70.40116097319999
"GHA","Ghana","Bono","admin1","Use Rate","in 100 people",2018,81.52352553589999
"GHA","Ghana","Bono","admin1","Use Rate","in 100 people",2019,79.1909001934
"GHA","Ghana","Bono","admin1","Use Rate","in 100 people",2020,71.71715687780001
"GHA","Ghana","Bono","admin1","Use Rate","in 100 people",2021,78.8383245372
"GHA","Ghana","Bono","admin1","Use Rate","in 100 people",2022,78.6114761369
"GHA","Ghana","Bono","admin1","Access","in 100 people",2010,24.8647815532
"GHA","Ghana","Bono","admin1","Access","in 100 people",2011,42.499681379900004
"GHA","Ghana","Bono","admin1","Access","in 100 people",2012,65.2788746821
"GHA","Ghana","Bono","admin1","Access","in 100 people",2013,67.22308606309998
"GHA","Ghana","Bono","admin1","Access","in 100 people",2014,67.89306065909999
"GHA","Ghana","Bono","admin1","Access","in 100 people",2015,74.8993834278
"GHA","Ghana","Bono","admin1","Access","in 100 people",2016,74.1845275236
"GHA","Ghana","Bono","admin1","Access","in 100 people",2017,68.1007919115
"GHA","Ghana","Bono","admin1","Access","in 100 people",2018,82.2515114471
"GHA","Ghana","Bono","admin1","Access","in 100 people",2019,76.2595390169
"GHA","Ghana","Bono","admin1","Access","in 100 people",2020,60.4003946019
"GHA","Ghana","Bono","admin1","Access","in 100 people",2021,71.9256498007
"GHA","Ghana","Bono","admin1","Access","in 100 people",2022,71.35596998540001
"GHA","Ghana","Bono East","admin1","Use","in 100 people",2010,22.9588257467
"GHA","Ghana","Bono East","admin1","Use","in 100 people",2011,39.0821983979
"GHA","Ghana","Bono East","admin1","Use","in 100 people",2012,60.88988487420001
"GHA","Ghana","Bono East","admin1","Use","in 100 people",2013,60.499670453
"GHA","Ghana","Bono East","admin1","Use","in 100 people",2014,55.7547424147
"GHA","Ghana","Bono East","admin1","Use","in 100 people",2015,58.510442062299994
"GHA","Ghana","Bono East","admin1","Use","in 100 people",2016,55.3939085024
"GHA","Ghana","Bono East","admin1","Use","in 100 people",2017,47.4717709385
"GHA","Ghana","Bono East","admin1","Use","in 100 people",2018,65.1488373294
"GHA","Ghana","Bono East","admin1","Use","in 100 people",2019,58.5380342895
"GHA","Ghana","Bono East","admin1","Use","in 100 people",2020,43.4742116342
"GHA","Ghana","Bono East","admin1","Use","in 100 people",2021,56.29574628190001
"GHA","Ghana","Bono East","admin1","Use","in 100 people",2022,55.854152909999996
"GHA","Ghana","Bono East","admin1","Use Rate","in 100 people",2010,84.7541018443
"GHA","Ghana","Bono East","admin1","Use Rate","in 100 people",2011,85.8237986359
"GHA","Ghana","Bono East","admin1","Use Rate","in 100 people",2012,89.22005789239999
"GHA","Ghana","Bono East","admin1","Use Rate","in 100 people",2013,86.9803760624
"GHA","Ghana","Bono East","admin1","Use Rate","in 100 people",2014,81.35457726679999
"GHA","Ghana","Bono East","admin1","Use Rate","in 100 people",2015,78.2668987875
"GHA","Ghana","Bono East","admin1","Use Rate","in 100 people",2016,74.4032432614
"GHA","Ghana","Bono East","admin1","Use Rate","in 100 people",2017,68.83458791940001
"GHA","Ghana","Bono East","admin1","Use Rate","in 100 people",2018,78.33113099410001
"GHA","Ghana","Bono East","admin1","Use Rate","in 100 people",2019,75.34981168709999
"GHA","Ghana","Bono East","admin1","Use Rate","in 100 people",2020,68.07438544069998
"GHA","Ghana","Bono East","admin1","Use Rate","in 100 people",2021,74.6923080994
"GHA","Ghana","Bono East","admin1","Use Rate","in 100 people",2022,75.2003840334
"GHA","Ghana","Bono East","admin1","Access","in 100 people",2010,26.3307544974
"GHA","Ghana","Bono East","admin1","Access","in 100 people",2011,44.25726424449999
"GHA","Ghana","Bono East","admin1","Access","in 100 people",2012,67.1841786598
"GHA","Ghana","Bono East","admin1","Access","in 100 people",2013,68.9269055414
"GHA","Ghana","Bono East","admin1","Access","in 100 people",2014,68.2697106919
"GHA","Ghana","Bono East","admin1","Access","in 100 people",2015,74.4229760413
"GHA","Ghana","Bono East","admin1","Access","in 100 people",2016,73.7902474341
"GHA","Ghana","Bono East","admin1","Access","in 100 people",2017,67.9243830882
"GHA","Ghana","Bono East","admin1","Access","in 100 people",2018,82.1186982771
"GHA","Ghana","Bono East","admin1","Access","in 100 people",2019,77.00875184280001
"GHA","Ghana","Bono East","admin1","Access","in 100 people",2020,62.586927618199994
"GHA","Ghana","Bono East","admin1","Access","in 100 people",2021,72.89622197620001
"GHA","Ghana","Bono East","admin1","Access","in 100 people",2022,72.3129969661
"GHA","Ghana","Northern East","admin1","Use","in 100 people",2010,14.5919055386
"GHA","Ghana","Northern East","admin1","Use","in 100 people",2011,28.3074445184
"GHA","Ghana","Northern East","admin1","Use","in 100 people",2012,52.8460867429
"GHA","Ghana","Northern East","admin1","Use","in 100 people",2013,44.727817866
"GHA","Ghana","Northern East","admin1","Use","in 100 people",2014,28.397730547600002
"GHA","Ghana","Northern East","admin1","Use","in 100 people",2015,33.3275652623
"GHA","Ghana","Northern East","admin1","Use","in 100 people",2016,47.4568311292
"GHA","Ghana","Northern East","admin1","Use","in 100 people",2017,52.364989458800004
"GHA","Ghana","Northern East","admin1","Use","in 100 people",2018,67.63094059
"GHA","Ghana","Northern East","admin1","Use","in 100 people",2019,59.9969067666
"GHA","Ghana","Northern East","admin1","Use","in 100 people",2020,46.0683404413
"GHA","Ghana","Northern East","admin1","Use","in 100 people",2021,60.1671109577
"GHA","Ghana","Northern East","admin1","Use","in 100 people",2022,59.6904146118
"GHA","Ghana","Northern East","admin1","Use Rate","in 100 people",2010,75.0916214641
"GHA","Ghana","Northern East","admin1","Use Rate","in 100 people",2011,77.52780901610001
"GHA","Ghana","Northern East","admin1","Use Rate","in 100 people",2012,82.9126282863
"GHA","Ghana","Northern East","admin1","Use Rate","in 100 people",2013,73.1943501568
"GHA","Ghana","Northern East","admin1","Use Rate","in 100 people",2014,57.1956988766
"GHA","Ghana","Northern East","admin1","Use Rate","in 100 people",2015,50.9879820537
"GHA","Ghana","Northern East","admin1","Use Rate","in 100 people",2016,57.145360522699995
"GHA","Ghana","Northern East","admin1","Use Rate","in 100 people",2017,63.0404358781
"GHA","Ghana","Northern East","admin1","Use Rate","in 100 people",2018,77.9213545027
"GHA","Ghana","Northern East","admin1","Use Rate","in 100 people",2019,79.0226517956
"GHA","Ghana","Northern East","admin1","Use Rate","in 100 people",2020,74.9694895857
"GHA","Ghana","Northern East","admin1","Use Rate","in 100 people",2021,80.9462046451
"GHA","Ghana","Northern East","admin1","Use Rate","in 100 people",2022,81.55037224339999
"GHA","Ghana","Northern East","admin1","Access","in 100 people",2010,19.126128500100002
"GHA","Ghana","Northern East","admin1","Access","in 100 people",2011,35.358272706
"GHA","Ghana","Northern East","admin1","Access","in 100 people",2012,62.7384497061
"GHA","Ghana","Northern East","admin1","Access","in 100 people",2013,60.19592766740001
"GHA","Ghana","Northern East","admin1","Access","in 100 people",2014,48.8856201245
"GHA","Ghana","Northern East","admin1","Access","in 100 people",2015,63.495496539600005
"GHA","Ghana","Northern East","admin1","Access","in 100 people",2016,81.96102147170001
"GHA","Ghana","Northern East","admin1","Access","in 100 people",2017,82.8251265952
"GHA","Ghana","Northern East","admin1","Access","in 100 people",2018,86.1862662986
"GHA","Ghana","Northern East","admin1","Access","in 100 people",2019,75.66628744949999
"GHA","Ghana","Northern East","admin1","Access","in 100 people",2020,60.944459331
"GHA","Ghana","Northern East","admin1","Access","in 100 people",2021,72.91875298080001
"GHA","Ghana","Northern East","admin1","Access","in 100 people",2022,72.3727939611
"GHA","Ghana","Oti","admin1","Use","in 100 people",2010,14.657832902900001
"GHA","Ghana","Oti","admin1","Use","in 100 people",2011,37.654873252899996
"GHA","Ghana","Oti","admin1","Use","in 100 people",2012,71.1475262113
"GHA","Ghana","Oti","admin1","Use","in 100 people",2013,71.8190729379
"GHA","Ghana","Oti","admin1","Use","in 100 people",2014,57.5619458047
"GHA","Ghana","Oti","admin1","Use","in 100 people",2015,57.5621615194
"GHA","Ghana","Oti","admin1","Use","in 100 people",2016,61.417810857199996
"GHA","Ghana","Oti","admin1","Use","in 100 people",2017,60.5894223684
"GHA","Ghana","Oti","admin1","Use","in 100 people",2018,78.40691359280001
"GHA","Ghana","Oti","admin1","Use","in 100 people",2019,70.7813501347
"GHA","Ghana","Oti","admin1","Use","in 100 people",2020,49.792479523100006
"GHA","Ghana","Oti","admin1","Use","in 100 people",2021,58.16090490510001
"GHA","Ghana","Oti","admin1","Use","in 100 people",2022,56.63635896729999
"GHA","Ghana","Oti","admin1","Use Rate","in 100 people",2010,82.3735809881
"GHA","Ghana","Oti","admin1","Use Rate","in 100 people",2011,90.22474858689999
"GHA","Ghana","Oti","admin1","Use Rate","in 100 people",2012,96.4124411822
"GHA","Ghana","Oti","admin1","Use Rate","in 100 people",2013,95.25260200929999
"GHA","Ghana","Oti","admin1","Use Rate","in 100 people",2014,86.72247512870001
"GHA","Ghana","Oti","admin1","Use Rate","in 100 people",2015,81.5229214903
"GHA","Ghana","Oti","admin1","Use Rate","in 100 people",2016,81.9980988918
"GHA","Ghana","Oti","admin1","Use Rate","in 100 people",2017,82.8965027074
"GHA","Ghana","Oti","admin1","Use Rate","in 100 people",2018,91.4884048119
"GHA","Ghana","Oti","admin1","Use Rate","in 100 people",2019,88.66837735739999
"GHA","Ghana","Oti","admin1","Use Rate","in 100 people",2020,77.3822693761
"GHA","Ghana","Oti","admin1","Use Rate","in 100 people",2021,78.04450678139999
"GHA","Ghana","Oti","admin1","Use Rate","in 100 people",2022,77.20504095589999
"GHA","Ghana","Oti","admin1","Access","in 100 people",2010,17.271742168200003
"GHA","Ghana","Oti","admin1","Access","in 100 people",2011,40.236488761900006
"GHA","Ghana","Oti","admin1","Access","in 100 people",2012,72.8546533587
"GHA","Ghana","Oti","admin1","Access","in 100 people",2013,75.0058646899
"GHA","Ghana","Oti","admin1","Access","in 100 people",2014,66.06763485100001
"GHA","Ghana","Oti","admin1","Access","in 100 people",2015,70.17464915800001
"GHA","Ghana","Oti","admin1","Access","in 100 people",2016,74.55114688719999
"GHA","Ghana","Oti","admin1","Access","in 100 people",2017,72.79962669460001
"GHA","Ghana","Oti","admin1","Access","in 100 people",2018,85.3870351509
"GHA","Ghana","Oti","admin1","Access","in 100 people",2019,79.6000852161
"GHA","Ghana","Oti","admin1","Access","in 100 people",2020,63.670881681900006
"GHA","Ghana","Oti","admin1","Access","in 100 people",2021,72.7012848895
"GHA","Ghana","Oti","admin1","Access","in 100 people",2022,71.75031340059999
"GHA","Ghana","Savannah","admin1","Use","in 100 people",2010,21.3508885359
"GHA","Ghana","Savannah","admin1","Use","in 100 people",2011,37.7219784802
"GHA","Ghana","Savannah","admin1","Use","in 100 people",2012,59.223294260500005
"GHA","Ghana","Savannah","admin1","Use","in 100 people",2013,55.4560055549
"GHA","Ghana","Savannah","admin1","Use","in 100 people",2014,46.7260921778
"GHA","Ghana","Savannah","admin1","Use","in 100 people",2015,51.407826364900004
"GHA","Ghana","Savannah","admin1","Use","in 100 people",2016,55.3081193251
"GHA","Ghana","Savannah","admin1","Use","in 100 people",2017,49.3468889327
"GHA","Ghana","Savannah","admin1","Use","in 100 people",2018,63.046096611
"GHA","Ghana","Savannah","admin1","Use","in 100 people",2019,54.5123461278
"GHA","Ghana","Savannah","admin1","Use","in 100 people",2020,42.1807681321
"GHA","Ghana","Savannah","admin1","Use","in 100 people",2021,56.516068231000006
"GHA","Ghana","Savannah","admin1","Use","in 100 people",2022,56.566541072999996
"GHA","Ghana","Savannah","admin1","Use Rate","in 100 people",2010,82.6091765178
"GHA","Ghana","Savannah","admin1","Use Rate","in 100 people",2011,84.1942879372
"GHA","Ghana","Savannah","admin1","Use Rate","in 100 people",2012,86.5115335494
"GHA","Ghana","Savannah","admin1","Use Rate","in 100 people",2013,81.368677871
"GHA","Ghana","Savannah","admin1","Use Rate","in 100 people",2014,73.394917606
"GHA","Ghana","Savannah","admin1","Use Rate","in 100 people",2015,71.6660619752
"GHA","Ghana","Savannah","admin1","Use Rate","in 100 people",2016,72.6359324612
"GHA","Ghana","Savannah","admin1","Use Rate","in 100 people",2017,69.7994604514
"GHA","Ghana","Savannah","admin1","Use Rate","in 100 people",2018,78.6043603793
"GHA","Ghana","Savannah","admin1","Use Rate","in 100 people",2019,76.47607601559999
"GHA","Ghana","Savannah","admin1","Use Rate","in 100 people",2020,71.9941668436
"GHA","Ghana","Savannah","admin1","Use Rate","in 100 people",2021,77.29240308589999
"GHA","Ghana","Savannah","admin1","Use Rate","in 100 people",2022,78.3574085342
"GHA","Ghana","Savannah","admin1","Access","in 100 people",2010,25.0922722788
"GHA","Ghana","Savannah","admin1","Access","in 100 people",2011,43.4544181811
"GHA","Ghana","Savannah","admin1","Access","in 100 people",2012,67.245610193
"GHA","Ghana","Savannah","admin1","Access","in 100 people",2013,67.0959586273
"GHA","Ghana","Savannah","admin1","Access","in 100 people",2014,62.7073211786
"GHA","Ghana","Savannah","admin1","Access","in 100 people",2015,70.680189728
"GHA","Ghana","Savannah","admin1","Access","in 100 people",2016,75.4818317184
"GHA","Ghana","Savannah","admin1","Access","in 100 people",2017,69.9108137393
"GHA","Ghana","Savannah","admin1","Access","in 100 people",2018,79.0119236944
"GHA","Ghana","Savannah","admin1","Access","in 100 people",2019,70.69919094439999
"GHA","Ghana","Savannah","admin1","Access","in 100 people",2020,57.998839714899994
"GHA","Ghana","Savannah","admin1","Access","in 100 people",2021,71.1208628423
"GHA","Ghana","Savannah","admin1","Access","in 100 people",2022,70.93158830859998
"GHA","Ghana","Western North","admin1","Use","in 100 people",2010,15.9380918354
"GHA","Ghana","Western North","admin1","Use","in 100 people",2011,26.8470427401
"GHA","Ghana","Western North","admin1","Use","in 100 people",2012,46.8521229009
"GHA","Ghana","Western North","admin1","Use","in 100 people",2013,51.6861183836
"GHA","Ghana","Western North","admin1","Use","in 100 people",2014,57.954041478600004
"GHA","Ghana","Western North","admin1","Use","in 100 people",2015,66.8557247458
"GHA","Ghana","Western North","admin1","Use","in 100 people",2016,63.4181572164
"GHA","Ghana","Western North","admin1","Use","in 100 people",2017,56.35084671180001
"GHA","Ghana","Western North","admin1","Use","in 100 people",2018,75.0713646409
"GHA","Ghana","Western North","admin1","Use","in 100 people",2019,67.1979917967
"GHA","Ghana","Western North","admin1","Use","in 100 people",2020,46.6528649229
"GHA","Ghana","Western North","admin1","Use","in 100 people",2021,57.6765509656
"GHA","Ghana","Western North","admin1","Use","in 100 people",2022,56.132247206399995
"GHA","Ghana","Western North","admin1","Use Rate","in 100 people",2010,70.6415670264
"GHA","Ghana","Western North","admin1","Use Rate","in 100 people",2011,70.4446167098
"GHA","Ghana","Western North","admin1","Use Rate","in 100 people",2012,77.9653574188
"GHA","Ghana","Western North","admin1","Use Rate","in 100 people",2013,81.2166185061
"GHA","Ghana","Western North","admin1","Use Rate","in 100 people",2014,85.56142028650001
"GHA","Ghana","Western North","admin1","Use Rate","in 100 people",2015,89.9357426748
"GHA","Ghana","Western North","admin1","Use Rate","in 100 people",2016,90.3185565177
"GHA","Ghana","Western North","admin1","Use Rate","in 100 people",2017,86.95400983849999
"GHA","Ghana","Western North","admin1","Use Rate","in 100 people",2018,89.8066769594
"GHA","Ghana","Western North","admin1","Use Rate","in 100 people",2019,85.2659981509
"GHA","Ghana","Western North","admin1","Use Rate","in 100 people",2020,78.2239123102
"GHA","Ghana","Western North","admin1","Use Rate","in 100 people",2021,83.317964448
"GHA","Ghana","Western North","admin1","Use Rate","in 100 people",2022,82.83413896549999
"GHA","Ghana","Western North","admin1","Access","in 100 people",2010,22.257303573000005
"GHA","Ghana","Western North","admin1","Access","in 100 people",2011,37.252777609800006
"GHA","Ghana","Western North","admin1","Access","in 100 people",2012,59.19508567689999
"GHA","Ghana","Western North","admin1","Access","in 100 people",2013,63.1412712681
"GHA","Ghana","Western North","admin1","Access","in 100 people",2014,67.37552390970001
"GHA","Ghana","Western North","admin1","Access","in 100 people",2015,74.0522131263
"GHA","Ghana","Western North","admin1","Access","in 100 people",2016,69.90493200499999
"GHA","Ghana","Western North","admin1","Access","in 100 people",2017,64.3802371311
"GHA","Ghana","Western North","admin1","Access","in 100 people",2018,83.1949431768
"GHA","Ghana","Western North","admin1","Access","in 100 people",2019,78.4172270425
"GHA","Ghana","Western North","admin1","Access","in 100 people",2020,59.09932465360001
"GHA","Ghana","Western North","admin1","Access","in 100 people",2021,68.07627723489999
"GHA","Ghana","Western North","admin1","Access","in 100 people",2022,66.7802075158
